,Topic,Word,P
0,0,wind,0.08668039739131927
1,0,trade,0.05092049017548561
2,0,offshore,0.04173334315419197
3,0,something,0.03854326531291008
4,0,offshore_wind,0.03600012883543968
5,0,government,0.030848458409309387
6,0,capacity,0.029711619019508362
7,0,agreement,0.02741948328912258
8,0,whole,0.026712289080023766
9,0,agenda,0.026293359696865082
10,0,international,0.025777239352464676
11,0,partner,0.02481277659535408
12,0,uk,0.018231283873319626
13,0,onshore,0.017746038734912872
14,0,department,0.01612185686826706
15,0,together,0.01569990999996662
16,0,work,0.015502722933888435
17,0,important,0.015446691773831844
18,0,absolutely,0.015305384062230587
19,0,working,0.015050808899104595
20,0,also,0.015047100372612476
21,0,investor,0.014899278990924358
22,0,world,0.014795861206948757
23,0,country,0.01471264474093914
24,0,time,0.014662674628198147
25,0,key,0.014601580798625946
26,0,put,0.014596424996852875
27,0,u,0.014475280418992043
28,0,onshore_wind,0.014472453854978085
29,0,indeed,0.014351116493344307
30,0,thing,0.014208042062819004
31,0,work_together,0.014107171446084976
32,0,give,0.013981581665575504
33,0,export,0.013799351640045643
34,0,largest,0.013734390027821064
35,0,lot,0.013694140128791332
36,0,aspect,0.013250044547021389
37,0,promoting,0.013173118233680725
38,0,effort,0.013163451105356216
39,0,saying,0.013159902766346931
40,0,regularly,0.013155411928892136
41,0,seeking,0.012904335744678974
42,0,assurance,0.01285716611891985
43,0,helpful,0.01257623266428709
44,0,capability,0.012314671650528908
45,0,farm,0.011992990970611572
46,0,steel,0.010766232386231422
47,0,wind_farm,0.008627915754914284
48,0,turbine,0.007898353040218353
49,0,steel_industry,0.004280726891011
50,0,swansea,0.0037597925402224064
51,0,public_subsidy,0.0013446902157738805
52,0,wind_power,0.001327557023614645
53,0,subsidy,0.0010063678491860628
54,0,recent_discussion,0.0007979076472111046
55,0,onshore_offshore,0.0007605092832818627
56,0,gw,0.0006609761621803045
57,0,grace,0.0006039679865352809
58,0,department_energy,0.0005700464826077223
59,0,czech_republic,0.0005636855494230986
60,0,tidal,0.0005243496270850301
61,0,clearance,0.0004466405080165714
62,0,beautiful,0.00036152239772491157
63,0,manufacturing_job,0.0003425910836085677
64,0,czech,0.00031333492370322347
65,0,rebalance,0.00030314907780848444
66,0,subsidising,0.00028225284768268466
67,0,british_steel,0.000263048626948148
68,0,form_renewable,0.00024597285664640367
69,0,cumulative,0.0002436040376778692
70,0,pipeline,0.00022720228298567235
71,0,manufacturing_sector,0.00016120554937515408
72,0,blow,0.0001603969867574051
73,0,hat,0.00015931246161926538
74,0,industry,0.00012235426402185112
75,0,corus,0.00011935699149034917
76,0,memorandum,0.00011532219650689512
77,0,plan_b,0.00010874863073695451
78,0,application,0.00010711206414271146
79,0,absolutely_committed,0.00010358684085076675
80,0,ratifying,8.806760160950944e-05
81,0,giant,8.700873149791732e-05
82,0,root_cause,8.696240547578782e-05
83,0,gently,7.477921462850645e-05
84,0,compensation,7.176386861829087e-05
85,0,poll,6.873523670947179e-05
86,0,incompetence,6.184988160384819e-05
87,0,whitehall,5.899399911868386e-05
88,0,halt,4.949288268107921e-05
89,0,courageous,4.421432095114142e-05
90,0,drawn_attention,4.272858132026158e-05
91,0,noticed,4.242679278831929e-05
92,0,assessment_made,4.10599859606009e-05
93,0,bright,3.769726026803255e-05
94,0,peripheral,3.7189078284427524e-05
95,0,unchanged,3.4923868952319026e-05
96,0,denying,3.343123535159975e-05
97,0,appearance,3.202690641046502e-05
98,0,counterpart,3.146451126667671e-05
99,0,majesty,2.8299058612901717e-05
100,1,government,0.012023751623928547
101,1,people,0.009664529003202915
102,1,transport,0.009398628026247025
103,1,would,0.008710714057087898
104,1,one,0.006100825499743223
105,1,many,0.006079256534576416
106,1,road,0.006020565517246723
107,1,air,0.005802111700177193
108,1,car,0.005706192925572395
109,1,need,0.005287294741719961
110,1,vehicle,0.00517420656979084
111,1,london,0.004449465777724981
112,1,time,0.004119181539863348
113,1,local,0.003969309385865927
114,1,could,0.003914413508027792
115,1,environmental,0.003754186676815152
116,1,area,0.0037491736002266407
117,1,make,0.0037384354509413242
118,1,airport,0.0037071325350552797
119,1,way,0.0034827387426048517
120,1,aviation,0.003444821108132601
121,1,use,0.003416102146729827
122,1,public,0.003414971986785531
123,1,much,0.0032993839122354984
124,1,city,0.0032600662671029568
125,1,rail,0.003257772419601679
126,1,get,0.0032306681387126446
127,1,quality,0.0031128486152738333
128,1,want,0.0030402629636228085
129,1,heathrow,0.0030273778829723597
130,1,year,0.003026783000677824
131,1,also,0.003007610095664859
132,1,however,0.0029506601858884096
133,1,good,0.0029489323496818542
134,1,point,0.0029409751296043396
135,1,bus,0.002931084716692567
136,1,service,0.002901627216488123
137,1,issue,0.0028767194598913193
138,1,impact,0.0027801948599517345
139,1,must,0.002737724222242832
140,1,problem,0.00272391433827579
141,1,town,0.0027011099737137556
142,1,constituency,0.002647276036441326
143,1,take,0.0026213093660771847
144,1,go,0.0026162744034081697
145,1,south,0.002582669723778963
146,1,new,0.0025473146233707666
147,1,say,0.002516596345230937
148,1,west,0.002496761502698064
149,1,green,0.002478894079104066
150,1,part,0.002447383012622595
151,1,pollution,0.002357123652473092
152,1,see,0.002356042852625251
153,1,constituent,0.002315119607374072
154,1,even,0.0023121079429984093
155,1,great,0.0022768343333154917
156,1,number,0.0022453295532613993
157,1,industry,0.002209787955507636
158,1,system,0.0022018221206963062
159,1,council,0.0021788172889500856
160,1,cost,0.002174554392695427
161,1,scheme,0.0021453662775456905
162,1,passenger,0.002128045307472348
163,1,come,0.002098387572914362
164,1,environment,0.002066155895590782
165,1,example,0.0020406662952154875
166,1,like,0.0019805699121207
167,1,runway,0.0019756664987653494
168,1,know,0.0019533929880708456
169,1,east,0.0019316599937155843
170,1,case,0.001919821952469647
171,1,network,0.0018821333069354296
172,1,two,0.001878777053207159
173,1,high,0.0018774498021230102
174,1,travel,0.0018690183060243726
175,1,proposal,0.0018498507561162114
176,1,line,0.0018443408189341426
177,1,life,0.0018441317370161414
178,1,electric,0.0018433675868436694
179,1,north,0.0018392850179225206
180,1,duty,0.0018215999007225037
181,1,bill,0.0018025507451966405
182,1,emission,0.0017992734210565686
183,1,made,0.0017868084833025932
184,1,u,0.0017738521564751863
185,1,third,0.0017710535321384668
186,1,said,0.0017582159489393234
187,1,hope,0.0017548691248521209
188,1,cannot,0.0017471362370997667
189,1,expansion,0.0017064301064237952
190,1,work,0.0016849312232807279
191,1,important,0.0016499283956363797
192,1,well,0.0016445955261588097
193,1,welcome,0.0016412793193012476
194,1,increase,0.001639289897866547
195,1,route,0.001629701699130237
196,1,still,0.0015947662759572268
197,1,around,0.0015845061279833317
198,1,mean,0.001571226166561246
199,1,look,0.0015637659234926105
200,2,area,0.019081400707364082
201,2,issue,0.014438658952713013
202,2,specie,0.010688385926187038
203,2,conservation,0.009880213998258114
204,2,convention,0.009718497283756733
205,2,global,0.009641408920288086
206,2,biodiversity,0.00813237577676773
207,2,forest,0.008122050203382969
208,2,overseas,0.0075491913594305515
209,2,million,0.007425232790410519
210,2,territory,0.00742179062217474
211,2,billion,0.0073382435366511345
212,2,help,0.00725930230692029
213,2,make,0.007216037251055241
214,2,international,0.0071354336105287075
215,2,overseas_territory,0.007077671121805906
216,2,although,0.007075374014675617
217,2,rightly,0.00703347148373723
218,2,country,0.007019182667136192
219,2,football,0.006919026840478182
220,2,hectare,0.005006210878491402
221,2,planet,0.00497887609526515
222,2,environment,0.004976007621735334
223,2,finance,0.0049709901213645935
224,2,committed,0.004965353757143021
225,2,uk,0.004965350963175297
226,2,land,0.004941358231008053
227,2,commitment,0.00491264509037137
228,2,tonne,0.004907378926873207
229,2,use,0.004903833381831646
230,2,important,0.00489592831581831
231,2,green,0.004880462773144245
232,2,point,0.0048750932328403
233,2,next,0.00486654182896018
234,2,working,0.00485628517344594
235,2,mentioned,0.004855991341173649
236,2,government,0.0048476760275661945
237,2,done,0.004843098111450672
238,2,know,0.004828059114515781
239,2,work,0.004819344263523817
240,2,appeal,0.004807372111827135
241,2,challenge,0.004805716220289469
242,2,production,0.004805269185453653
243,2,opportunity,0.004802079871296883
244,2,helping,0.004800233989953995
245,2,month,0.0047954171895980835
246,2,way,0.004784967750310898
247,2,want,0.004780482966452837
248,2,endangered,0.004775816109031439
249,2,facility,0.00477075157687068
250,2,every,0.00476276408880949
251,2,responsibility,0.004762344527989626
252,2,would,0.004758787341415882
253,2,two,0.004750974476337433
254,2,livelihood,0.004743929952383041
255,2,diversity,0.0047421264462172985
256,2,figure,0.004729033447802067
257,2,size,0.0047222631983459
258,2,press,0.004712444730103016
259,2,stopping,0.004710598383098841
260,2,happy,0.004706224426627159
261,2,u,0.0047022197395563126
262,2,covering,0.00468809949234128
263,2,slightly,0.004658028483390808
264,2,emission,0.0046440004371106625
265,2,family,0.004601231310516596
266,2,berlin,0.0045969258062541485
267,2,court,0.0045923031866550446
268,2,pitch,0.004564634058624506
269,2,wildlife,0.0028176044579595327
270,2,habitat,0.002748572500422597
271,2,wild,0.002719711745157838
272,2,marine,0.002714690985158086
273,2,ocean,0.002682069316506386
274,2,deforestation,0.0026626193430274725
275,2,rio,0.002616151235997677
276,2,animal,0.0025971289724111557
277,2,donald,0.002594525692984462
278,2,chain,0.00258935266174376
279,2,cop,0.002586972201243043
280,2,protecting,0.0025756079703569412
281,2,supply_chain,0.00253698811866343
282,2,host,0.0025332747027277946
283,2,earth_summit,0.002533091465011239
284,2,assent,0.0025268206372857094
285,2,tackling_climate,0.002526181982830167
286,2,conserve,0.0025252867490053177
287,2,protection,0.002519281581044197
288,2,land_use,0.0025181893724948168
289,2,sustainably,0.002515599597245455
290,2,protected,0.002514143940061331
291,2,tackling,0.0025138184428215027
292,2,act,0.0025098188780248165
293,2,working_closely,0.0024978371802717447
294,2,closely,0.0024888024199754
295,2,earth,0.002485597738996148
296,2,supporting,0.0024842112325131893
297,2,protect,0.002481684787198901
298,2,equivalent,0.0024794726632535458
299,2,producer,0.002474831184372306
300,3,new,0.05395698547363281
301,3,shop,0.03924773260951042
302,3,crash,0.03707483038306236
303,3,new_clause,0.032791897654533386
304,3,would,0.026558147743344307
305,3,trent,0.024428047239780426
306,3,stoke,0.024092091247439384
307,3,ly,0.023828253149986267
308,3,stoke_trent,0.0233503095805645
309,3,environmentally,0.022826122120022774
310,3,environmentally_ly,0.02249276265501976
311,3,developer,0.02149822935461998
312,3,permission,0.02117685228586197
313,3,recommendation,0.02112249843776226
314,3,stakeholder,0.020810222253203392
315,3,road,0.020741328597068787
316,3,convenient,0.02062886394560337
317,3,ial_colleague,0.020580226555466652
318,3,disclosure,0.02042410336434841
319,3,adjournment,0.02021070383489132
320,3,remedy,0.019882192835211754
321,3,bar,0.01969546638429165
322,3,affordable_home,0.019695358350872993
323,3,potentially,0.019481414929032326
324,3,convenient_discus,0.01944885589182377
325,3,adjournment_debate,0.01943870075047016
326,3,next_decade,0.01918996125459671
327,3,fortunately,0.019125796854496002
328,3,transport_link,0.018892446532845497
329,3,permission_mr,0.018836909905076027
330,3,needing,0.018684925511479378
331,3,transport,0.016465580090880394
332,3,infrastructure,0.015547214075922966
333,3,reported,0.01502201333642006
334,3,past_six,0.012738100253045559
335,3,ial,0.010967474430799484
336,3,considered,0.010043814778327942
337,3,business,0.009460191242396832
338,3,government,0.008830195292830467
339,3,month,0.008822732605040073
340,3,last_month,0.00820485595613718
341,3,station,0.0077453432604670525
342,3,standard,0.007608081214129925
343,3,affordable,0.007397876586765051
344,3,six,0.0069775087758898735
345,3,accept,0.005575519986450672
346,3,built,0.00514575932174921
347,3,low,0.004192553460597992
348,3,lowestoft,0.0035682946909219027
349,3,near,0.0035639931447803974
350,3,normal,0.0030988333746790886
351,3,congested,0.0030479433480650187
352,3,grown,0.003000536933541298
353,3,development,0.002936561591923237
354,3,estate,0.002888192655518651
355,3,insert,0.0026729009114205837
356,3,line,0.0024016459938138723
357,3,opened,0.0021927368361502886
358,3,waterway,0.0020034601911902428
359,3,brent_north,0.0016434910940006375
360,3,particular,0.0016098871128633618
361,3,planning_inspectorate,0.0015735045308247209
362,3,coastal_community,0.001432931050658226
363,3,proportion,0.0013778848806396127
364,3,funding,0.0012735208729282022
365,3,party_parliamentary,0.0012446350883692503
366,3,list,0.0011865949491038918
367,3,alleviation,0.001183084910735488
368,3,north,0.0011481139808893204
369,3,decade,0.0011295056901872158
370,3,next,0.0011270410614088178
371,3,hayes,0.0011012546019628644
372,3,evacuated,0.0010953067103400826
373,3,expect,0.0010859885951504111
374,3,heavy_rainfall,0.0010708160698413849
375,3,pub,0.00103144405875355
376,3,referred,0.0010198605014011264
377,3,past,0.0010166598949581385
378,3,ground,0.0010140417143702507
379,3,go_far,0.000975005270447582
380,3,agent,0.0009624792146496475
381,3,year,0.0009347913437522948
382,3,coming,0.000910179631318897
383,3,arise,0.0008827719138935208
384,3,usual,0.0008726664236746728
385,3,along,0.0008689385140314698
386,3,service,0.0008363761589862406
387,3,beyond,0.0007910968270152807
388,3,one_reason,0.0007120799855329096
389,3,consequential,0.0007074699969962239
390,3,east_coast,0.0006888156640343368
391,3,link,0.0006769461906515062
392,3,schedule,0.0006686142878606915
393,3,better,0.0006495884736068547
394,3,parish_council,0.0006335426587611437
395,3,flood_protection,0.0006313624908216298
396,3,house,0.0005519873811863363
397,3,ceramic,0.0005362374940887094
398,3,possession,0.000512139406055212
399,3,home,0.0005054415087215602
400,4,kingdom,0.08035574108362198
401,4,united_kingdom,0.0798744484782219
402,4,united,0.07668182253837585
403,4,amendment,0.0674920603632927
404,4,clause,0.04871716350317001
405,4,scotland,0.0481419675052166
406,4,government,0.03696933761239052
407,4,scottish,0.03398960083723068
408,4,ensure,0.028179824352264404
409,4,administration,0.02749190293252468
410,4,devolved,0.026660695672035217
411,4,following,0.024225600063800812
412,4,would,0.024110380560159683
413,4,body,0.024047506973147392
414,4,authority,0.02391139604151249
415,4,discus,0.02349281497299671
416,4,executive,0.0225573368370533
417,4,trade,0.0221994798630476
418,4,non,0.022107630968093872
419,4,representative,0.02191481739282608
420,4,related,0.02161254547536373
421,4,among,0.02136124111711979
422,4,new,0.02112484723329544
423,4,affected,0.020910993218421936
424,4,devolved_administration,0.020428486168384552
425,4,includes,0.019583331421017647
426,4,offence,0.019073130562901497
427,4,back_control,0.017648130655288696
428,4,good_faith,0.017100797966122627
429,4,northern,0.006888315547257662
430,4,leave,0.0031833273824304342
431,4,page,0.0030791903845965862
432,4,zealand,0.002875321777537465
433,4,new_zealand,0.002875321777537465
434,4,wale,0.0018945831106975675
435,4,edinburgh,0.0014566404279321432
436,4,tabled_amendment,0.0011543553555384278
437,4,provision,0.0011229384690523148
438,4,operative,0.0010421276092529297
439,4,co_operative,0.000986188417300582
440,4,australian,0.0009832207579165697
441,4,england,0.0009030716610141098
442,4,cameron,0.0005336771137081087
443,4,praised,0.00047906587133184075
444,4,pacific,0.00045413026236929
445,4,impact_assessment,0.0003249606234021485
446,4,exclude,0.0003212396113667637
447,4,edinburgh_north,0.0002925145090557635
448,4,decisively,0.00016133608005475253
449,4,incorporate,0.00015646607789676636
450,4,hague,0.0001456051686545834
451,4,connectivity,0.00013070934801362455
452,4,passed,0.00012248058919794858
453,4,u_administration,0.00011526676098583266
454,4,premature,0.00010466210369486362
455,4,share_concern,9.637260518502444e-05
456,4,berwick,7.73144347476773e-05
457,4,leith,6.861745350761339e-05
458,4,relating,5.857265932718292e-05
459,4,dropping,4.8728335968917236e-05
460,4,duke,4.824600910069421e-05
461,4,discus_matter,3.4855820558732376e-06
462,4,mitigate_effect,3.3492938200652134e-06
463,4,fun,3.1664267226005904e-06
464,4,australia,3.0865710414218483e-06
465,4,dispatch_box,3.000055585289374e-06
466,4,legislation,2.995517206727527e-06
467,4,rugby,2.9934722078905907e-06
468,4,uk,2.992524287037668e-06
469,4,workplace,2.9915083814557875e-06
470,4,discussion,2.9913765047240304e-06
471,4,brexit,2.9913437629147666e-06
472,4,curious,2.991267137986142e-06
473,4,net_zero,2.9912016543676145e-06
474,4,coronavirus,2.991200290125562e-06
475,4,box,2.991199835378211e-06
476,4,fracking,2.9911980163888074e-06
477,4,faith,2.9911943784100004e-06
478,4,dispatch,2.991187557199737e-06
479,4,leaving_european,2.9911814181105e-06
480,4,donald_trump,2.991175733768614e-06
481,4,paris_agreement,2.9911734600318596e-06
482,4,cop26,2.9911707315477543e-06
483,4,living_wage,2.991167093568947e-06
484,4,decarbonisation_target,2.991166411447921e-06
485,4,contract_difference,2.9911661840742454e-06
486,4,highest_level,2.991165501953219e-06
487,4,climate_emergency,2.9911636829638155e-06
488,4,withdrawal_agreement,2.991161409227061e-06
489,4,obama,2.9911607271060348e-06
490,4,green_deal,2.9911607271060348e-06
491,4,eps,2.9911586807429558e-06
492,4,activist,2.9911579986219294e-06
493,4,measure_announced,2.991157771248254e-06
494,4,clean_growth,2.9911568617535522e-06
495,4,leaving_eu,2.9911566343798768e-06
496,4,leave_european,2.9911559522588504e-06
497,4,business_innovation,2.991155724885175e-06
498,4,shale_gas,2.991155270137824e-06
499,4,post_brexit,2.991155270137824e-06
500,5,china,0.042789142578840256
501,5,uk,0.02745695412158966
502,5,security,0.023617975413799286
503,5,clear,0.022902054712176323
504,5,international,0.021151889115571976
505,5,national,0.019186466932296753
506,5,also,0.016301695257425308
507,5,people,0.014995211735367775
508,5,measure,0.013250076211988926
509,5,world,0.01284363865852356
510,5,new,0.012841310352087021
511,5,obligation,0.012707369402050972
512,5,house,0.012399651110172272
513,5,chinese,0.01174195110797882
514,5,legislation,0.011052416637539864
515,5,relationship,0.010423975065350533
516,5,work,0.010248901322484016
517,5,co,0.010220063850283623
518,5,secretary,0.010211599059402943
519,5,today,0.010069018229842186
520,5,partner,0.009010758250951767
521,5,right,0.008248298428952694
522,5,co_operation,0.007909276522696018
523,5,including,0.007875964976847172
524,5,operation,0.007840405218303204
525,5,role,0.0078019555658102036
526,5,export,0.007800801657140255
527,5,response,0.007665446028113365
528,5,case,0.007603301666676998
529,5,offer,0.007508334703743458
530,5,want,0.007503910455852747
531,5,welcome,0.007429952267557383
532,5,home,0.007385508622974157
533,5,authority,0.007381105795502663
534,5,come,0.007335328031331301
535,5,united,0.0069197663106024265
536,5,human_right,0.0067464979365468025
537,5,government,0.006496822461485863
538,5,human,0.006252883933484554
539,5,eu,0.005901656113564968
540,5,treaty,0.00554444408044219
541,5,statement,0.005512368865311146
542,5,global,0.005305941216647625
543,5,make,0.005298893433064222
544,5,law,0.005269342567771673
545,5,tackling,0.0052589052356779575
546,5,arrangement,0.005161742679774761
547,5,vital,0.005154580809175968
548,5,protect,0.005142512731254101
549,5,good,0.005057845264673233
550,5,already,0.0050525362603366375
551,5,meet,0.005034578964114189
552,5,particularly,0.005028934683650732
553,5,internal,0.005027147941291332
554,5,given,0.005011158995330334
555,5,second,0.004974082112312317
556,5,live,0.004948526620864868
557,5,announced,0.004947836045175791
558,5,disagree,0.004943752195686102
559,5,importance,0.004918313585221767
560,5,huge,0.004802579991519451
561,5,fact,0.004571480676531792
562,5,may,0.004484416451305151
563,5,concerned,0.0043813977390527725
564,5,said,0.004380091093480587
565,5,respect,0.0038058245554566383
566,5,g20,0.0031502190977334976
567,5,make_statement,0.00293054711073637
568,5,european_partner,0.002892322139814496
569,5,action,0.0028594359755516052
570,5,agreed,0.0028240422252565622
571,5,european,0.0027711859438568354
572,5,summit,0.0027455047238618135
573,5,dialogue,0.0027350005693733692
574,5,tackling_climate,0.0027309830766171217
575,5,canada,0.0027148027438670397
576,5,permission_mr,0.0026992957573384047
577,5,discussed,0.002686373656615615
578,5,british,0.002669879235327244
579,5,permission,0.002669573063030839
580,5,continue,0.0026620125863701105
581,5,ready,0.002658758545294404
582,5,relation,0.00264755473472178
583,5,article,0.0026382121723145247
584,5,security_council,0.0026376033201813698
585,5,leading,0.0026322768535465
586,5,domestic,0.002631479175761342
587,5,nation,0.00262621371075511
588,5,permanent,0.0026225801557302475
589,5,united_nation,0.002617191756144166
590,5,engaged,0.002607941161841154
591,5,engagement,0.002607152797281742
592,5,necessary,0.0026043301913887262
593,5,specific,0.002601176965981722
594,5,engaging,0.002597684971988201
595,5,overseas,0.002595919417217374
596,5,key,0.002592459786683321
597,5,ahead,0.0025923349894583225
598,5,country,0.002582910470664501
599,5,taken,0.002579722087830305
600,6,energy,0.03637422248721123
601,6,bill,0.011885185725986958
602,6,government,0.01014645304530859
603,6,fuel,0.007365151774138212
604,6,need,0.00725898751989007
605,6,would,0.007009732536971569
606,6,renewable,0.005799072794616222
607,6,new,0.005625443533062935
608,6,home,0.0054963394068181515
609,6,cost,0.005420953035354614
610,6,efficiency,0.005416398402303457
611,6,industry,0.005402563605457544
612,6,green,0.0050208126194775105
613,6,market,0.004940738435834646
614,6,electricity,0.004933478310704231
615,6,company,0.00474493857473135
616,6,make,0.004607633221894503
617,6,energy_efficiency,0.004597317893058062
618,6,carbon,0.0045675295405089855
619,6,target,0.004285389557480812
620,6,support,0.004059447906911373
621,6,policy,0.003971938043832779
622,6,measure,0.0039589498192071915
623,6,renewables,0.0038671924266964197
624,6,could,0.0038316361606121063
625,6,sector,0.0038249448407441378
626,6,investment,0.0037020330782979727
627,6,also,0.0036918988917022943
628,6,price,0.003585995640605688
629,6,scheme,0.003579524112865329
630,6,uk,0.0035702118184417486
631,6,consumer,0.0035207527689635754
632,6,way,0.003484044224023819
633,6,year,0.003434453858062625
634,6,technology,0.0033927480690181255
635,6,renewable_energy,0.003176711266860366
636,6,power,0.0031274473294615746
637,6,set,0.003060080111026764
638,6,important,0.0029871996957808733
639,6,use,0.0028228131122887135
640,6,help,0.0027683258522301912
641,6,one,0.002736031776294112
642,6,part,0.0026817242614924908
643,6,poverty,0.002681046724319458
644,6,people,0.0026190977077931166
645,6,fuel_poverty,0.0025624572299420834
646,6,department,0.0025499877519905567
647,6,ensure,0.0024929705541580915
648,6,must,0.0024846401065587997
649,6,low,0.0023833890445530415
650,6,take,0.0023678229190409184
651,6,however,0.0023587546311318874
652,6,generation,0.0023295728024095297
653,6,many,0.0022977821063250303
654,6,tariff,0.002284025074914098
655,6,supply,0.0022719146218150854
656,6,committee,0.00221256073564291
657,6,building,0.0021865135058760643
658,6,million,0.002178805647417903
659,6,time,0.00217327568680048
660,6,household,0.002162632765248418
661,6,already,0.0021142754703760147
662,6,project,0.002092108130455017
663,6,house,0.002043881919234991
664,6,much,0.0020390856079757214
665,6,well,0.002013934077695012
666,6,solar,0.002007517032325268
667,6,opportunity,0.001981062116101384
668,6,gas,0.001972553785890341
669,6,benefit,0.0019631055183708668
670,6,obligation,0.001960519701242447
671,6,saving,0.0019401413155719638
672,6,system,0.0019367898348718882
673,6,strategy,0.0019307432230561972
674,6,point,0.0019254329381510615
675,6,programme,0.0019210895989090204
676,6,hope,0.0019209018209949136
677,6,clear,0.0019148713909089565
678,6,clause,0.0018552024848759174
679,6,deal,0.0018445334862917662
680,6,reduce,0.0018445162568241358
681,6,term,0.0018433668883517385
682,6,work,0.0018290812149643898
683,6,heat,0.001825212617404759
684,6,provide,0.001813964918255806
685,6,made,0.0017604128224775195
686,6,place,0.001739155501127243
687,6,want,0.0017053410410881042
688,6,business,0.0017017496284097433
689,6,meet,0.0016987508861348033
690,6,source,0.0016966050025075674
691,6,development,0.0016941122012212873
692,6,good,0.0016843669582158327
693,6,fossil,0.0016778778517618775
694,6,impact,0.0016774119576439261
695,6,get,0.001647747470997274
696,6,standard,0.0016361140878871083
697,6,action,0.0016218257369473577
698,6,first,0.001612122287042439
699,6,regulation,0.0016105353133752942
700,7,country,0.016242263838648796
701,7,world,0.01480034738779068
702,7,people,0.013774818740785122
703,7,international,0.007649906445294619
704,7,u,0.006747821345925331
705,7,many,0.005819143261760473
706,7,need,0.005786921828985214
707,7,year,0.005358511116355658
708,7,global,0.005216842517256737
709,7,development,0.0050214966759085655
710,7,aid,0.004991518333554268
711,7,one,0.004774576518684626
712,7,must,0.00473048398271203
713,7,poverty,0.004420063924044371
714,7,nation,0.004176651127636433
715,7,uk,0.0041318065486848354
716,7,congo,0.0040045250207185745
717,7,security,0.003966431599110365
718,7,work,0.003912919666618109
719,7,prime,0.003795559285208583
720,7,africa,0.0036686270032078028
721,7,right,0.0036278788466006517
722,7,life,0.0035667361225932837
723,7,threat,0.0035040739458054304
724,7,british,0.0034746916498988867
725,7,time,0.00341991544701159
726,7,commonwealth,0.0033866201993077993
727,7,woman,0.003353268140926957
728,7,force,0.003267140593379736
729,7,britain,0.0031506975647062063
730,7,foreign,0.0030924882739782333
731,7,also,0.0030681975185871124
732,7,challenge,0.003029418410733342
733,7,defence,0.0029854115564376116
734,7,war,0.0029139139223843813
735,7,part,0.002903451444581151
736,7,much,0.0028301612474024296
737,7,child,0.002819107146933675
738,7,community,0.002809435361996293
739,7,government,0.0027338718064129353
740,7,political,0.0026568148750811815
741,7,president,0.0026338009629398584
742,7,around,0.002623759675770998
743,7,trump,0.00260446360334754
744,7,incredibly,0.002586573362350464
745,7,family,0.0025445916689932346
746,7,action,0.002525271847844124
747,7,crisis,0.0025234275963157415
748,7,europe,0.0024599398020654917
749,7,see,0.0024169832468032837
750,7,across,0.0024151410907506943
751,7,conflict,0.0024046257603913546
752,7,face,0.002389241475611925
753,7,great,0.0023886472918093204
754,7,support,0.002362036146223545
755,7,united,0.0023546188604086637
756,7,summit,0.0023141279816627502
757,7,way,0.002293104538694024
758,7,un,0.002198177622631192
759,7,incredibly_important,0.002179402159526944
760,7,human,0.0021616676822304726
761,7,want,0.002148173050954938
762,7,make,0.0021431127097457647
763,7,speech,0.0021420763805508614
764,7,million,0.002117843134328723
765,7,day,0.0021076728589832783
766,7,international_development,0.002098991069942713
767,7,effort,0.0020589714404195547
768,7,give_assurance,0.002048519439995289
769,7,good,0.0020171203650534153
770,7,union,0.0019998312927782536
771,7,supreme,0.0019928852561861277
772,7,democratic_republic,0.0019866309594362974
773,7,advocating,0.00197971542365849
774,7,european,0.0019720641430467367
775,7,supreme_court,0.0019397226860746741
776,7,first,0.0019233492203056812
777,7,warmest,0.0019154362380504608
778,7,analyse,0.0019017497543245554
779,7,together,0.0018971412209793925
780,7,estimated_billion,0.0018548977095633745
781,7,poorest,0.001840493525378406
782,7,russia,0.0018174768192693591
783,7,help,0.0017553017241880298
784,7,important,0.001744861830957234
785,7,afghanistan,0.0017373966984450817
786,7,issue,0.001715819351375103
787,7,future,0.0017129715997725725
788,7,well,0.001708364812657237
789,7,last,0.0016993741737678647
790,7,trade,0.001688955002464354
791,7,society,0.0016851145774126053
792,7,organisation,0.0016796460840851068
793,7,goal,0.0016759011195972562
794,7,role,0.0016687007155269384
795,7,east,0.001668607466854155
796,7,police,0.001667976495809853
797,7,like,0.001658773049712181
798,7,terrorism,0.0016500047640874982
799,7,developing,0.0016455705044791102
800,8,trade,0.03369016945362091
801,8,nh,0.02086515538394451
802,8,standard,0.01554257981479168
803,8,bill,0.01428153645247221
804,8,government,0.01418139599263668
805,8,trade_deal,0.013708457350730896
806,8,deal,0.01363738626241684
807,8,health,0.013556936755776405
808,8,right,0.011391380801796913
809,8,food,0.010674445889890194
810,8,uk,0.010524126701056957
811,8,data,0.01011416595429182
812,8,future,0.009354584850370884
813,8,protection,0.008674145676195621
814,8,public,0.008533412590622902
815,8,trade_agreement,0.008275234140455723
816,8,agreement,0.007756845559924841
817,8,worker,0.007722544018179178
818,8,new,0.0073538245633244514
819,8,must,0.006699154619127512
820,8,u,0.006627750117331743
821,8,know,0.006588416639715433
822,8,ensure,0.006556214299052954
823,8,country,0.006434359587728977
824,8,year,0.006411725655198097
825,8,environmental,0.005866131279617548
826,8,protect,0.0056794933043420315
827,8,constituent,0.005678199231624603
828,8,concern,0.005643338430672884
829,8,even,0.005603285040706396
830,8,could,0.005587778519839048
831,8,service,0.005572855938225985
832,8,clause,0.00487904017791152
833,8,new_clause,0.004822220653295517
834,8,union,0.004806942772120237
835,8,negotiation,0.004771909210830927
836,8,give,0.0046862345188856125
837,8,say,0.004660900216549635
838,8,also,0.004616486374288797
839,8,animal,0.004046163056045771
840,8,welfare,0.003969636280089617
841,8,free,0.00393216498196125
842,8,state,0.0037993425503373146
843,8,parliamentary,0.0037870239466428757
844,8,parliament,0.0037839182186871767
845,8,company,0.0037636877968907356
846,8,back,0.0037588707637041807
847,8,scrutiny,0.0037581578362733126
848,8,place,0.003731944365426898
849,8,able,0.003728476818650961
850,8,current,0.003727726172655821
851,8,however,0.0037175144534558058
852,8,said,0.0037163193337619305
853,8,today,0.0036807286087423563
854,8,united_state,0.0036704742815345526
855,8,united,0.0034937490709125996
856,8,environment,0.0028892674017697573
857,8,care,0.0028886846266686916
858,8,leaving,0.0028769313357770443
859,8,without,0.0028683205600827932
860,8,human,0.0028632869943976402
861,8,access,0.002863105619326234
862,8,agricultural,0.002861836925148964
863,8,cannot,0.0028592317830771208
864,8,market,0.0028577293269336224
865,8,commitment,0.00284605217166245
866,8,thank,0.002838941290974617
867,8,currently,0.002835766179487109
868,8,risk,0.002818941604346037
869,8,stand,0.002811604645103216
870,8,mean,0.002809296827763319
871,8,instead,0.002805156633257866
872,8,human_right,0.0028041971381753683
873,8,word,0.0028041587211191654
874,8,policy,0.0028029491659253836
875,8,want,0.0028007456567138433
876,8,value,0.0027977933641523123
877,8,many,0.00279428088106215
878,8,would,0.002790833590552211
879,8,last,0.0027901274152100086
880,8,european,0.0027885923627763987
881,8,parliamentary_scrutiny,0.002787808421999216
882,8,national_health,0.0027878019027411938
883,8,importance,0.002779735252261162
884,8,think,0.002779096830636263
885,8,undermined,0.002776817884296179
886,8,silent,0.0027585416100919247
887,8,international,0.0027576133143156767
888,8,trade_negotiation,0.0027380352839827538
889,8,national,0.0027349493466317654
890,8,term,0.002725268481299281
891,8,eu,0.0020324774086475372
892,8,trade_union,0.002021436346694827
893,8,environmental_protection,0.002011034870520234
894,8,free_trade,0.0020094243809580803
895,8,animal_welfare,0.0019923110958188772
896,8,public_health,0.0019892742857337
897,8,leave,0.0019620489329099655
898,8,law,0.0019370774971321225
899,8,tariff,0.0019316325196996331
900,9,gas,0.04385168105363846
901,9,nuclear,0.04291883856058121
902,9,coal,0.035903312265872955
903,9,power,0.035782188177108765
904,9,energy,0.032539766281843185
905,9,oil,0.02528548613190651
906,9,station,0.024579020217061043
907,9,carbon,0.023592203855514526
908,9,storage,0.020584890618920326
909,9,paper,0.019459538161754608
910,9,capture,0.019003627821803093
911,9,white,0.01794726587831974
912,9,white_paper,0.017049631103873253
913,9,supply,0.016891026869416237
914,9,carbon_capture,0.0167278703302145
915,9,power_station,0.016129454597830772
916,9,new,0.015869777649641037
917,9,technology,0.013766327872872353
918,9,plant,0.013013950549066067
919,9,industry,0.01258043386042118
920,9,security,0.011918958276510239
921,9,uk,0.011097065173089504
922,9,sea,0.010956395417451859
923,9,trump,0.010661139152944088
924,9,generation,0.010367749258875847
925,9,future,0.010199592448771
926,9,north,0.010179583914577961
927,9,fired,0.00851876474916935
928,9,need,0.008291908539831638
929,9,new_nuclear,0.008064563386142254
930,9,north_sea,0.007620326243340969
931,9,project,0.007399937137961388
932,9,shale,0.00620309030637145
933,9,clean,0.006149984896183014
934,9,statement,0.005899051669985056
935,9,marine,0.005811053328216076
936,9,source,0.005636529065668583
937,9,mix,0.005636523477733135
938,9,electricity,0.005424982402473688
939,9,energy_security,0.005418514367192984
940,9,capacity,0.005366844590753317
941,9,coal_fired,0.005190662574023008
942,9,energy_supply,0.00511260936036706
943,9,potential,0.004984145052731037
944,9,decision,0.0044760010205209255
945,9,production,0.004255060106515884
946,9,secure,0.004207359626889229
947,9,site,0.004201702307909727
948,9,important,0.0038579695392400026
949,9,investment,0.003854675916954875
950,9,process,0.003504578024148941
951,9,decommissioning,0.003495201002806425
952,9,challenge,0.003487878479063511
953,9,renewables,0.003462587483227253
954,9,ensure,0.003330349689349532
955,9,scotland,0.003314696019515395
956,9,existing,0.003242128761485219
957,9,issue,0.0032230501528829336
958,9,develop,0.003204809036105871
959,9,energy_mix,0.003076526802033186
960,9,long,0.003072533290833235
961,9,waste,0.0030422527343034744
962,9,major,0.0030173936393111944
963,9,consultation,0.0030105847399681807
964,9,low,0.002917225705459714
965,9,last,0.0028831663075834513
966,9,part,0.002853499026969075
967,9,also,0.0028025112114846706
968,9,safety,0.0027702709194272757
969,9,report,0.0027650415431708097
970,9,clean_coal,0.0027182535268366337
971,9,policy,0.0026166108436882496
972,9,field,0.0026155002415180206
973,9,deep,0.0026052275206893682
974,9,bexhill_battle,0.002604665467515588
975,9,generating,0.0026040200609713793
976,9,come,0.0025598749052733183
977,9,review,0.0025135253090411425
978,9,mining,0.002433821791782975
979,9,close,0.002396170748397708
980,9,published,0.0023915614001452923
981,9,term,0.002369686495512724
982,9,decade,0.0023153286892920732
983,9,provide,0.0022437754087150097
984,9,recent,0.002229991601780057
985,9,industrial,0.0022225971333682537
986,9,mine,0.0022012018598616123
987,9,bexhill,0.0021793493069708347
988,9,therefore,0.0021392544731497765
989,9,option,0.0020993459038436413
990,9,competition,0.0020869476720690727
991,9,development,0.002017179736867547
992,9,construction,0.00200587697327137
993,9,use,0.0020050429739058018
994,9,marine_bill,0.0019644382409751415
995,9,base,0.0018908021738752723
996,9,build,0.001890271669253707
997,9,facility,0.0018817257368937135
998,9,burning,0.0018795424839481711
999,9,offshore,0.0018564293859526515
1000,10,government,0.014675798825919628
1001,10,house,0.011774221435189247
1002,10,issue,0.009686988778412342
1003,10,state,0.009298650547862053
1004,10,debate,0.00875785667449236
1005,10,committee,0.008608165197074413
1006,10,secretary,0.0085604852065444
1007,10,would,0.007979195564985275
1008,10,european,0.006796863861382008
1009,10,eu,0.006375681143254042
1010,10,important,0.006143833044916391
1011,10,prime,0.00572885712608695
1012,10,made,0.005688663572072983
1013,10,secretary_state,0.005682004150003195
1014,10,make,0.004941455088555813
1015,10,time,0.004929319955408573
1016,10,u,0.004799388349056244
1017,10,one,0.00477514136582613
1018,10,party,0.004761102143675089
1019,10,said,0.004720577970147133
1020,10,policy,0.004565154667943716
1021,10,question,0.004487128462642431
1022,10,point,0.00440346822142601
1023,10,hope,0.004400479141622782
1024,10,take,0.0043453373946249485
1025,10,matter,0.004344025161117315
1026,10,say,0.004077128134667873
1027,10,know,0.003987312316894531
1028,10,way,0.00397093128412962
1029,10,report,0.0037593345623463392
1030,10,parliament,0.003634148743003607
1031,10,may,0.0035390942357480526
1032,10,week,0.003512859810143709
1033,10,right,0.003452745033428073
1034,10,statement,0.003423798130825162
1035,10,whether,0.00333128753118217
1036,10,bill,0.003178503131493926
1037,10,department,0.003156310645863414
1038,10,welcome,0.0031520340126007795
1039,10,work,0.0030289047863334417
1040,10,think,0.0030020694248378277
1041,10,union,0.0029835132881999016
1042,10,forward,0.0029639629647135735
1043,10,place,0.002957206219434738
1044,10,want,0.002908889437094331
1045,10,also,0.002761795185506344
1046,10,last,0.002752081723883748
1047,10,many,0.0027445063460618258
1048,10,europe,0.002733747474849224
1049,10,decision,0.0025487530510872602
1050,10,need,0.002510787919163704
1051,10,support,0.0025062249042093754
1052,10,agree,0.0025020637549459934
1053,10,process,0.0024903479497879744
1054,10,given,0.002464250661432743
1055,10,opportunity,0.0024387026205658913
1056,10,deal,0.0024232184514403343
1057,10,first,0.0023799785412847996
1058,10,agreement,0.0023755577858537436
1059,10,leader,0.0023538561072200537
1060,10,european_union,0.0023226202465593815
1061,10,sure,0.002303549088537693
1062,10,set,0.0022389523219317198
1063,10,office,0.002236473374068737
1064,10,clear,0.002231335500255227
1065,10,treaty,0.0021997082512825727
1066,10,get,0.0021777995862066746
1067,10,could,0.0021719883661717176
1068,10,well,0.0021520243026316166
1069,10,speech,0.002149951411411166
1070,10,see,0.0021348875015974045
1071,10,discussion,0.002109669614583254
1072,10,good,0.002102548722177744
1073,10,today,0.002094597090035677
1074,10,country,0.0020875982008874416
1075,10,like,0.002086795400828123
1076,10,part,0.002080564619973302
1077,10,opposition,0.0020655265543609858
1078,10,give,0.0020470530726015568
1079,10,day,0.00203370931558311
1080,10,however,0.002013642340898514
1081,10,believe,0.0020024855621159077
1082,10,progress,0.0019821743480861187
1083,10,two,0.0019780618604272604
1084,10,subject,0.001951430574990809
1085,10,come,0.0019252069760113955
1086,10,new,0.001923180534504354
1087,10,meeting,0.0019097925396636128
1088,10,proposal,0.0018891155486926436
1089,10,council,0.0018835178343579173
1090,10,look,0.0018793551716953516
1091,10,thank,0.0018611320992931724
1092,10,role,0.0018375919898971915
1093,10,interest,0.0018337847432121634
1094,10,shall,0.0018309546867385507
1095,10,view,0.0018306822748854756
1096,10,mr,0.0018238266929984093
1097,10,legislation,0.0018200097838416696
1098,10,colleague,0.0018178188474848866
1099,10,taken,0.0018089937511831522
1100,11,worker_right,0.012931193225085735
1101,11,new,0.01291909720748663
1102,11,economy,0.011298892088234425
1103,11,year,0.010005221702158451
1104,11,government,0.009813285432755947
1105,11,country,0.009269352070987225
1106,11,economic,0.008891941048204899
1107,11,investment,0.008779042400419712
1108,11,work,0.00870960857719183
1109,11,world,0.007951166480779648
1110,11,support,0.007939801551401615
1111,11,also,0.0073309531435370445
1112,11,growth,0.0072257062420248985
1113,11,need,0.00710358377546072
1114,11,job,0.006166743114590645
1115,11,future,0.006037821061909199
1116,11,uk,0.0058413599617779255
1117,11,billion,0.005727880168706179
1118,11,service,0.00559140695258975
1119,11,britain,0.005545015446841717
1120,11,business,0.005349051672965288
1121,11,first,0.005262047052383423
1122,11,help,0.005088575184345245
1123,11,development,0.0050666010938584805
1124,11,term,0.005009366199374199
1125,11,school,0.004885849077254534
1126,11,opportunity,0.004691021051257849
1127,11,today,0.004511306528002024
1128,11,public,0.004409408196806908
1129,11,bank,0.0043700444512069225
1130,11,ensure,0.004342531319707632
1131,11,next,0.0042456514202058315
1132,11,sector,0.004232336301356554
1133,11,education,0.003991016186773777
1134,11,challenge,0.0039601740427315235
1135,11,fund,0.00392703665420413
1136,11,skill,0.0038789077661931515
1137,11,commitment,0.0036364297848194838
1138,11,make,0.0035936408676207066
1139,11,child,0.0035452907904982567
1140,11,plan,0.003532975912094116
1141,11,reform,0.0035268731880933046
1142,11,national,0.003502742387354374
1143,11,set,0.003491778392344713
1144,11,people,0.0034385756589472294
1145,11,global,0.0034122297074645758
1146,11,million,0.0034080753102898598
1147,11,continue,0.0033598851878196
1148,11,long,0.003347201971337199
1149,11,long_term,0.00334190484136343
1150,11,across,0.0033360726665705442
1151,11,funding,0.0033015315420925617
1152,11,financial,0.0032043112441897392
1153,11,young,0.003193892305716872
1154,11,forward,0.003085586940869689
1155,11,house,0.002942996099591255
1156,11,programme,0.002799180569127202
1157,11,young_people,0.0027418762911111116
1158,11,market,0.002697307150810957
1159,11,sustainable,0.0026556721422821283
1160,11,build,0.002624930813908577
1161,11,provide,0.002608351642265916
1162,11,right,0.0025869470555335283
1163,11,strategy,0.0025447106454521418
1164,11,technology,0.0025098600890487432
1165,11,must,0.002496221801266074
1166,11,health,0.0024780111853033304
1167,11,working,0.0024427727330476046
1168,11,community,0.002421400975435972
1169,11,including,0.0024001540150493383
1170,11,council,0.0023952065967023373
1171,11,benefit,0.0023604833986610174
1172,11,science,0.002340552397072315
1173,11,deliver,0.0023096329532563686
1174,11,research,0.0023073148913681507
1175,11,british,0.002289767609909177
1176,11,meet,0.0022798131685703993
1177,11,action,0.002249351004138589
1178,11,budget,0.0022399171721190214
1179,11,infrastructure,0.002209392609074712
1180,11,innovation,0.0021972954273223877
1181,11,together,0.0021955466363579035
1182,11,high,0.0021768442820757627
1183,11,best,0.002169997664168477
1184,11,take,0.002154693938791752
1185,11,european,0.0021284972317516804
1186,11,finance,0.0020851825829595327
1187,11,decision,0.002081974409520626
1188,11,area,0.002068774774670601
1189,11,green,0.0020027782302349806
1190,11,impacted,0.001986613729968667
1191,11,agreed,0.00197219499386847
1192,11,improve,0.001914565684273839
1193,11,every,0.0019139711512252688
1194,11,spending,0.0018922759918496013
1195,11,strong,0.0018874973757192492
1196,11,system,0.0018745779525488615
1197,11,meeting,0.0018640608759596944
1198,11,industrial,0.0018487347988411784
1199,11,review,0.0018476728582754731
1200,12,government,0.018155597150325775
1201,12,would,0.014421103522181511
1202,12,u,0.010175599716603756
1203,12,one,0.009640100412070751
1204,12,say,0.009604436345398426
1205,12,state,0.009274537675082684
1206,12,secretary,0.008441356010735035
1207,12,said,0.007420648355036974
1208,12,people,0.007325518876314163
1209,12,secretary_state,0.007077445741742849
1210,12,price,0.006905924063175917
1211,12,party,0.0067625222727656364
1212,12,labour,0.006762117147445679
1213,12,time,0.006587947718799114
1214,12,year,0.006379800383001566
1215,12,think,0.006373890209943056
1216,12,need,0.006057010032236576
1217,12,even,0.005797873716801405
1218,12,energy,0.005790504161268473
1219,12,power,0.005745910108089447
1220,12,get,0.0057351477444171906
1221,12,know,0.0057005793787539005
1222,12,thing,0.00569496676325798
1223,12,conservative,0.005675828084349632
1224,12,policy,0.0055832695215940475
1225,12,want,0.0053870962001383305
1226,12,country,0.005352376028895378
1227,12,let,0.005113273859024048
1228,12,could,0.005110599100589752
1229,12,problem,0.005058432929217815
1230,12,nuclear,0.005023682955652475
1231,12,go,0.004799938760697842
1232,12,cannot,0.004599167034029961
1233,12,going,0.004551299847662449
1234,12,make,0.004260510206222534
1235,12,come,0.00424486119300127
1236,12,industry,0.004223508760333061
1237,12,way,0.004196000285446644
1238,12,fact,0.0040193526074290276
1239,12,much,0.003958964254707098
1240,12,back,0.003911151085048914
1241,12,opposition,0.00373501586727798
1242,12,cost,0.0035223860759288073
1243,12,must,0.003476690035313368
1244,12,might,0.003454536898061633
1245,12,market,0.0034064685460180044
1246,12,put,0.003390124998986721
1247,12,term,0.0033315366599708796
1248,12,point,0.0032655098475515842
1249,12,liberal,0.0032228720374405384
1250,12,see,0.0032196755055338144
1251,12,nuclear_power,0.0031211022287607193
1252,12,look,0.003041913267225027
1253,12,however,0.0030174320563673973
1254,12,democrat,0.002883566776290536
1255,12,whether,0.002877518767490983
1256,12,take,0.002769200596958399
1257,12,world,0.002765979617834091
1258,12,let_u,0.002759544877335429
1259,12,long,0.002721702214330435
1260,12,liberal_democrat,0.002721122233197093
1261,12,company,0.0026810227427631617
1262,12,big,0.002557269996032119
1263,12,something,0.002555553801357746
1264,12,future,0.002526638563722372
1265,12,far,0.0025121227372437716
1266,12,right,0.00250436388887465
1267,12,debate,0.002497832989320159
1268,12,yet,0.002493725623935461
1269,12,nothing,0.0024828738532960415
1270,12,rather,0.002474333392456174
1271,12,like,0.002446799771860242
1272,12,two,0.002429605694487691
1273,12,mean,0.0024078642018139362
1274,12,believe,0.002401316538453102
1275,12,many,0.0024011037312448025
1276,12,deal,0.0024004452861845493
1277,12,done,0.002388340188190341
1278,12,british,0.00238189403899014
1279,12,still,0.0023798071779310703
1280,12,reason,0.0023640587460249662
1281,12,may,0.0023514858912676573
1282,12,another,0.002350420691072941
1283,12,wrong,0.0023388881236314774
1284,12,today,0.0023226658813655376
1285,12,past,0.002256787847727537
1286,12,cheapest,0.002250990364700556
1287,12,made,0.002235978841781616
1288,12,ago,0.0022356074769049883
1289,12,perhaps,0.002221172908321023
1290,12,britain,0.002204385818913579
1291,12,really,0.002189731691032648
1292,12,heard,0.002187122590839863
1293,12,well,0.0021834662184119225
1294,12,question,0.002181312767788768
1295,12,clear,0.0021691923029720783
1296,12,face,0.0021598588209599257
1297,12,money,0.0021411385387182236
1298,12,saying,0.002076787641271949
1299,12,le,0.002060739090666175
1300,13,bill,0.06627035140991211
1301,13,people,0.03429034352302551
1302,13,going,0.03267217427492142
1303,13,want,0.025424731895327568
1304,13,need,0.02525794506072998
1305,13,fact,0.024044616147875786
1306,13,trade,0.0213980320841074
1307,13,policy,0.01764439418911934
1308,13,forward,0.016712237149477005
1309,13,many,0.01666981913149357
1310,13,would,0.016598161309957504
1311,13,put,0.01658434420824051
1312,13,also,0.016420969739556313
1313,13,accept,0.016160540282726288
1314,13,listening,0.016079023480415344
1315,13,objective,0.016025416553020477
1316,13,undermine,0.01540809590369463
1317,13,deeply,0.01524334866553545
1318,13,aligned,0.013708206824958324
1319,13,post,0.009818649850785732
1320,13,scrutiny,0.009645643644034863
1321,13,national,0.009505503810942173
1322,13,seriously,0.008691176772117615
1323,13,thing,0.008667198941111565
1324,13,civil,0.008663780055940151
1325,13,view,0.008605783805251122
1326,13,government,0.008552518673241138
1327,13,believe,0.008533207699656487
1328,13,organisation,0.008517459966242313
1329,13,good,0.00849869754165411
1330,13,say,0.008494135923683643
1331,13,something,0.008465016260743141
1332,13,anything,0.00845958013087511
1333,13,science,0.008433989249169827
1334,13,farmer,0.008409872651100159
1335,13,purpose,0.008392604067921638
1336,13,environmental,0.008372755721211433
1337,13,point,0.008363381028175354
1338,13,kind,0.00835527665913105
1339,13,word,0.008326256647706032
1340,13,take,0.008326120674610138
1341,13,concerned,0.00832085870206356
1342,13,else,0.008316373452544212
1343,13,concern,0.008306819014251232
1344,13,heard,0.008274720050394535
1345,13,new,0.008272829465568066
1346,13,think,0.008246059529483318
1347,13,issue,0.008231863379478455
1348,13,thousand,0.008165881037712097
1349,13,course,0.008163257502019405
1350,13,end,0.008104846812784672
1351,13,society,0.008083734661340714
1352,13,court,0.008081975392997265
1353,13,warm,0.008041316643357277
1354,13,year,0.008038312196731567
1355,13,take_seriously,0.008000848814845085
1356,13,value,0.007983088493347168
1357,13,status,0.007981899194419384
1358,13,point_view,0.007941778749227524
1359,13,sorry,0.007890906184911728
1360,13,ever,0.007869420573115349
1361,13,unless,0.007862395606935024
1362,13,democratic,0.00785152893513441
1363,13,despite,0.007810186129063368
1364,13,speaking,0.007791552692651749
1365,13,happy,0.007743866648525
1366,13,includes,0.007741820998489857
1367,13,union,0.007728768978267908
1368,13,arrangement,0.00772459153085947
1369,13,totally,0.00766633078455925
1370,13,anything_else,0.007662009447813034
1371,13,world,0.00763859786093235
1372,13,warm_word,0.007631155662238598
1373,13,standard,0.007626283448189497
1374,13,writing,0.007494292221963406
1375,13,massive,0.0074388557113707066
1376,13,national_farmer,0.0074021900072693825
1377,13,threshold,0.007354844361543655
1378,13,essential,0.007353015244007111
1379,13,causing,0.0073332651518285275
1380,13,reckless,0.007315384689718485
1381,13,thousand_people,0.007309309672564268
1382,13,quo,0.0073039717972278595
1383,13,brave,0.007278664968907833
1384,13,secret,0.007222991436719894
1385,13,status_quo,0.0072193751111626625
1386,13,national_policy,0.0032760542817413807
1387,13,ipc,0.001262989011593163
1388,13,draft_bill,0.0012062990572303534
1389,13,pre_legislative,0.0009570613619871438
1390,13,national_park,0.0008121425635181367
1391,13,policy_statement,0.000746502832043916
1392,13,woodland,0.0006848454941064119
1393,13,quango,0.0006084017804823816
1394,13,unelected,0.0005891717155463994
1395,13,royal_assent,0.0005831453599967062
1396,13,scrutinising,0.0005542420549318194
1397,13,written_ial,0.0005032222252339125
1398,13,passage_bill,0.0004885015659965575
1399,13,legislative_programme,0.0004867218667641282
1400,14,tax,0.027477547526359558
1401,14,year,0.020082660019397736
1402,14,budget,0.014896849170327187
1403,14,per,0.01289654616266489
1404,14,cent,0.01096216682344675
1405,14,per_cent,0.010425999760627747
1406,14,business,0.010421139188110828
1407,14,government,0.009705780074000359
1408,14,chancellor,0.009220206178724766
1409,14,million,0.009105486795306206
1410,14,billion,0.008455655537545681
1411,14,rate,0.008140813559293747
1412,14,people,0.007067181635648012
1413,14,cut,0.006733246147632599
1414,14,levy,0.006577827502042055
1415,14,income,0.006126211024820805
1416,14,increase,0.005998503882437944
1417,14,pay,0.005629651714116335
1418,14,spending,0.0049755992367863655
1419,14,money,0.004968252032995224
1420,14,company,0.004922670312225819
1421,14,industry,0.0045966580510139465
1422,14,cost,0.004553029779344797
1423,14,time,0.004504094831645489
1424,14,family,0.0044125099666416645
1425,14,last,0.004336320795118809
1426,14,measure,0.004137441981583834
1427,14,small,0.004037076607346535
1428,14,public,0.004031004384160042
1429,14,duty,0.004017488565295935
1430,14,child,0.00401350948959589
1431,14,national,0.003830410074442625
1432,14,today,0.003793195355683565
1433,14,pension,0.0037639993242919445
1434,14,one,0.0037478168960660696
1435,14,credit,0.003531424328684807
1436,14,next,0.003455038648098707
1437,14,austerity,0.0034178292844444513
1438,14,would,0.0033393502235412598
1439,14,rise,0.003332545980811119
1440,14,benefit,0.003259086748585105
1441,14,job,0.0031718153040856123
1442,14,since,0.003157275263220072
1443,14,treasury,0.0031427405774593353
1444,14,economy,0.003064902499318123
1445,14,service,0.0029441348742693663
1446,14,also,0.002936622826382518
1447,14,investment,0.002923168707638979
1448,14,debt,0.002901672152802348
1449,14,revenue,0.0028601728845387697
1450,14,week,0.002847716910764575
1451,14,extra,0.0027929593343287706
1452,14,finance,0.002740450669080019
1453,14,british,0.0027289213612675667
1454,14,help,0.0026625143364071846
1455,14,report,0.002643491141498089
1456,14,fund,0.002637068973854184
1457,14,every,0.002635738579556346
1458,14,manufacturing,0.0025310413911938667
1459,14,fiscal,0.002491460181772709
1460,14,figure,0.002491385443136096
1461,14,secretary,0.0024261015933007
1462,14,insurance,0.002424105303362012
1463,14,saving,0.0024110418744385242
1464,14,work,0.0023387835826724768
1465,14,capital,0.0022697350941598415
1466,14,taxation,0.002269541611894965
1467,14,labour,0.002263202564790845
1468,14,higher,0.002230368321761489
1469,14,allowance,0.002229218138381839
1470,14,britain,0.0022261342965066433
1471,14,financial,0.0022043869830667973
1472,14,sector,0.0021996754221618176
1473,14,two,0.0021856604143977165
1474,14,employment,0.002177303656935692
1475,14,paid,0.0021271321456879377
1476,14,announced,0.0021179576870054007
1477,14,term,0.002095585223287344
1478,14,lower,0.0020866794511675835
1479,14,vat,0.0020812894217669964
1480,14,made,0.0020404458045959473
1481,14,wage,0.0019970375578850508
1482,14,system,0.0019850688986480236
1483,14,home,0.001979431137442589
1484,14,inflation,0.0019529105629771948
1485,14,last_year,0.001947660930454731
1486,14,average,0.001946941833011806
1487,14,relief,0.001934246625751257
1488,14,many,0.0019335249671712518
1489,14,le,0.0018810936016961932
1490,14,burden,0.0018531805835664272
1491,14,payment,0.0018378550885245204
1492,14,said,0.0018356374930590391
1493,14,fuel,0.0018222557846456766
1494,14,small_business,0.0018211874412372708
1495,14,even,0.0018048271303996444
1496,14,pensioner,0.0018007118487730622
1497,14,forecast,0.0017941452097147703
1498,14,real,0.001790572889149189
1499,14,expenditure,0.0017886999994516373
1500,15,constituency,0.034888092428445816
1501,15,need,0.019851794466376305
1502,15,issue,0.01910029537975788
1503,15,people,0.01668306440114975
1504,15,house,0.016076337546110153
1505,15,problem,0.015110235661268234
1506,15,particular,0.01458097342401743
1507,15,going,0.011984956450760365
1508,15,place,0.011954721063375473
1509,15,one,0.01193275861442089
1510,15,local,0.011790529824793339
1511,15,year,0.011681879870593548
1512,15,service,0.011671285144984722
1513,15,past,0.01128530316054821
1514,15,better,0.011154616251587868
1515,15,coming,0.011021376587450504
1516,15,built,0.010414314456284046
1517,15,near,0.010211851447820663
1518,15,pleasure,0.009249177761375904
1519,15,constituent,0.009082721546292305
1520,15,speech,0.00877885241061449
1521,15,follow,0.008539153262972832
1522,15,want,0.008249657228589058
1523,15,pleasure_follow,0.00804611761122942
1524,15,hope,0.008004551753401756
1525,15,well,0.007968930527567863
1526,15,go,0.00795429665595293
1527,15,health,0.007941238582134247
1528,15,something,0.007893125526607037
1529,15,huge,0.00789216160774231
1530,15,number,0.007669777609407902
1531,15,support,0.0076430621556937695
1532,15,debate,0.007610104512423277
1533,15,population,0.007515564560890198
1534,15,given,0.00750533863902092
1535,15,sort,0.007406848017126322
1536,15,buy,0.00740019278600812
1537,15,beyond,0.0072435420006513596
1538,15,miss,0.007169074844568968
1539,15,six,0.00632412638515234
1540,15,month,0.006258671637624502
1541,15,business,0.006254153326153755
1542,15,station,0.005969982594251633
1543,15,standard,0.005944528616964817
1544,15,infrastructure,0.005126787815243006
1545,15,maiden,0.005036304239183664
1546,15,speaker,0.0048196460120379925
1547,15,school,0.004604079760611057
1548,15,deputy,0.0045613921247422695
1549,15,past_six,0.00448614964261651
1550,15,thank,0.004449058789759874
1551,15,mr,0.004388160537928343
1552,15,care,0.0043572536669671535
1553,15,home,0.004324875306338072
1554,15,maiden_speech,0.004304293543100357
1555,15,live,0.004293094389140606
1556,15,transport,0.0042724465020000935
1557,15,sure,0.0041814520955085754
1558,15,like,0.0041740406304597855
1559,15,talk,0.004171839915215969
1560,15,community,0.004133712034672499
1561,15,colleague,0.004117885138839483
1562,15,visit,0.004116975236684084
1563,15,lot,0.00411162618547678
1564,15,every,0.004090865608304739
1565,15,would_like,0.004082973580807447
1566,15,ur,0.004045724868774414
1567,15,day,0.0040351953357458115
1568,15,thing,0.0040307012386620045
1569,15,big,0.0040306211449205875
1570,15,pleased,0.004027069546282291
1571,15,area,0.004023226909339428
1572,15,want_talk,0.004003599286079407
1573,15,today,0.003998138010501862
1574,15,back,0.003990734927356243
1575,15,brighton,0.0039903027936816216
1576,15,five,0.003984509035944939
1577,15,delighted,0.0039811404421925545
1578,15,first,0.003974147140979767
1579,15,spoken,0.003967189230024815
1580,15,keep,0.003966173622757196
1581,15,good,0.003962656483054161
1582,15,every_single,0.003960834350436926
1583,15,done,0.003959884401410818
1584,15,would,0.003958735149353743
1585,15,deputy_speaker,0.003955586347728968
1586,15,social,0.0039527760818600655
1587,15,bit,0.003951236605644226
1588,15,make,0.003939718473702669
1589,15,everything,0.003927480895072222
1590,15,went,0.003923666197806597
1591,15,last,0.0039154053665697575
1592,15,time,0.003913335036486387
1593,15,single,0.003908936399966478
1594,15,others,0.0039068711921572685
1595,15,former,0.003903714008629322
1596,15,conversation,0.0039016574155539274
1597,15,try,0.0039002257399260998
1598,15,everyone,0.0038956229109317064
1599,15,team,0.0038898326456546783
1600,16,kong,0.02504807338118553
1601,16,national_security,0.019387252628803253
1602,16,china,0.015374448150396347
1603,16,trade,0.014501187950372696
1604,16,foreign,0.01289051678031683
1605,16,positive,0.012806850485503674
1606,16,partner,0.011955724097788334
1607,16,law,0.011065109632909298
1608,16,investor,0.010657274164259434
1609,16,international_obligation,0.0105612613260746
1610,16,right,0.009181536734104156
1611,16,uk,0.00854131393134594
1612,16,july,0.008463969454169273
1613,16,use,0.008414859883487225
1614,16,also,0.0073204548098146915
1615,16,human,0.007212074939161539
1616,16,human_right,0.007185741793364286
1617,16,take,0.006570794619619846
1618,16,safeguard,0.006549520418047905
1619,16,area,0.006531798746436834
1620,16,dispute,0.0064981174655258656
1621,16,international_partner,0.0064645675010979176
1622,16,ability,0.006424189079552889
1623,16,biggest,0.006387630011886358
1624,16,route,0.0063166506588459015
1625,16,mainland,0.006309452001005411
1626,16,goal,0.006244356743991375
1627,16,commitment,0.00614369148388505
1628,16,say,0.006020667031407356
1629,16,many,0.005984373856335878
1630,16,constructive,0.005766238085925579
1631,16,interest,0.005452923011034727
1632,16,national,0.005438698921352625
1633,16,respect,0.005325745325535536
1634,16,opportunity,0.004772178828716278
1635,16,set,0.004584307316690683
1636,16,security,0.004512098617851734
1637,16,recognise,0.004501053132116795
1638,16,border,0.004373743664473295
1639,16,enshrined,0.004365839995443821
1640,16,proportionate,0.00435221940279007
1641,16,balance,0.004344773478806019
1642,16,mandate,0.004342310596257448
1643,16,essential,0.004311750642955303
1644,16,event,0.004309638403356075
1645,16,power,0.004307511728256941
1646,16,threat,0.0042947265319526196
1647,16,fundamental,0.004290398675948381
1648,16,resolution,0.004277423489838839
1649,16,one,0.0042767832055687904
1650,16,always,0.004276605322957039
1651,16,example,0.004271534737199545
1652,16,remains,0.004269407596439123
1653,16,considering,0.004264298360794783
1654,16,making,0.004259475506842136
1655,16,democratic,0.004259271081537008
1656,16,liberal,0.004252338316291571
1657,16,significantly,0.004248603712767363
1658,16,precisely,0.00424747820943594
1659,16,democrat,0.004246909637004137
1660,16,liberal_democrat,0.004243433941155672
1661,16,equipment,0.004239006899297237
1662,16,immigration,0.004237373825162649
1663,16,assumed,0.004228672012686729
1664,16,relates,0.004228545818477869
1665,16,away,0.0042256927117705345
1666,16,negotiating,0.004224087577313185
1667,16,world,0.0042236740700900555
1668,16,fellow,0.004220837261527777
1669,16,watching,0.004219382535666227
1670,16,violation,0.004212129861116409
1671,16,extraordinary,0.004211007617413998
1672,16,message,0.0041939495131373405
1673,16,technology,0.004191679414361715
1674,16,renewable,0.00418550381436944
1675,16,first,0.004170650616288185
1676,16,challenge,0.004166283644735813
1677,16,urgency,0.004166100639849901
1678,16,renewable_technology,0.004153155256062746
1679,16,taking,0.004147245083004236
1680,16,cannot,0.004122564103454351
1681,16,know,0.004116730764508247
1682,16,ensuring,0.004115800838917494
1683,16,action,0.004049090202897787
1684,16,must,0.0040013762190938
1685,16,recent,0.003910527098923922
1686,16,agreement,0.003870140528306365
1687,16,trade_agreement,0.003836566349491477
1688,16,standard,0.0036979466676712036
1689,16,u,0.0036520331632345915
1690,16,measure,0.003600197611376643
1691,16,council,0.0035613528452813625
1692,16,legislation,0.0035119676031172276
1693,16,economy,0.0035077095963060856
1694,16,new,0.003462561871856451
1695,16,deal,0.0030718075577169657
1696,16,co,0.003051930572837591
1697,16,chinese,0.0028801001608371735
1698,16,operation,0.0028278082609176636
1699,16,co_operation,0.0027819364331662655
1700,17,local,0.014478296972811222
1701,17,water,0.01321117952466011
1702,17,environment,0.010670892894268036
1703,17,flood,0.009572193026542664
1704,17,community,0.0074899340979754925
1705,17,area,0.006983473896980286
1706,17,planning,0.006952476222068071
1707,17,authority,0.006650811992585659
1708,17,government,0.006639560684561729
1709,17,need,0.0065416088327765465
1710,17,development,0.006265542935580015
1711,17,risk,0.005649339407682419
1712,17,flooding,0.00540684349834919
1713,17,year,0.005252068396657705
1714,17,agency,0.00500200130045414
1715,17,work,0.004227667581290007
1716,17,food,0.004153107758611441
1717,17,local_authority,0.004145383834838867
1718,17,also,0.004037306644022465
1719,17,people,0.00403038552030921
1720,17,rural,0.003985161427408457
1721,17,environmental,0.0038761801552027464
1722,17,department,0.003869552630931139
1723,17,impact,0.0038164060097187757
1724,17,council,0.003781387349590659
1725,17,natural,0.003615767927840352
1726,17,wale,0.003584923455491662
1727,17,sustainable,0.003536645555868745
1728,17,defence,0.003419337095692754
1729,17,many,0.0033630698453634977
1730,17,land,0.0033120058942586184
1731,17,must,0.003295344766229391
1732,17,would,0.003206552704796195
1733,17,management,0.0031894156709313393
1734,17,level,0.0031403524335473776
1735,17,farmer,0.0030123675242066383
1736,17,new,0.0029910635203123093
1737,17,plan,0.00290545541793108
1738,17,home,0.0028428726363927126
1739,17,sea,0.0028101052157580853
1740,17,ensure,0.0027760628145188093
1741,17,issue,0.0027688017580658197
1742,17,important,0.0027437203098088503
1743,17,national,0.002730791922658682
1744,17,environment_agency,0.0027070469222962856
1745,17,could,0.0026900414377450943
1746,17,much,0.002657915698364377
1747,17,report,0.002635809127241373
1748,17,one,0.0026182872243225574
1749,17,million,0.002591694239526987
1750,17,system,0.002566026523709297
1751,17,river,0.002539560431614518
1752,17,part,0.0025309729389846325
1753,17,place,0.0025064218789339066
1754,17,site,0.002472677268087864
1755,17,weather,0.0024475324898958206
1756,17,research,0.0023542321287095547
1757,17,well,0.0023436229676008224
1758,17,scheme,0.0023217671550810337
1759,17,take,0.002320199739187956
1760,17,resource,0.0023179014679044485
1761,17,problem,0.0022505021188408136
1762,17,england,0.0022350777871906757
1763,17,protection,0.0022211819887161255
1764,17,event,0.002219939138740301
1765,17,funding,0.0022011904511600733
1766,17,however,0.0022010933607816696
1767,17,bill,0.00216654478572309
1768,17,effect,0.0021628078538924456
1769,17,flood_defence,0.002157315844669938
1770,17,know,0.002095350529998541
1771,17,time,0.002000062493607402
1772,17,farming,0.0019856749568134546
1773,17,state,0.0019680976402014494
1774,17,south,0.001965154195204377
1775,17,concern,0.00195865985006094
1776,17,secretary_state,0.001955618616193533
1777,17,future,0.0019553853198885918
1778,17,project,0.0019487577956169844
1779,17,help,0.0019343792228028178
1780,17,constituency,0.0019196614157408476
1781,17,may,0.0019036239245906472
1782,17,affected,0.0019022754859179258
1783,17,secretary,0.0018404456786811352
1784,17,way,0.0018325765850022435
1785,17,term,0.0018237176118418574
1786,17,house,0.0018227188847959042
1787,17,example,0.0018214050214737654
1788,17,made,0.0018208229448646307
1789,17,committee,0.0018142162589356303
1790,17,property,0.0017902955878525972
1791,17,make,0.0017700594617053866
1792,17,including,0.0017679908778518438
1793,17,already,0.0017502818955108523
1794,17,nature,0.0016968237468972802
1795,17,defra,0.0016959982458502054
1796,17,public,0.0016858174931257963
1797,17,approach,0.0016767977504059672
1798,17,long,0.0016184340929612517
1799,17,housing,0.0016123037785291672
1800,18,carbon,0.10363063216209412
1801,18,uk,0.06812601536512375
1802,18,food,0.04438477382063866
1803,18,zero,0.044381916522979736
1804,18,net,0.03261392563581467
1805,18,also,0.02963130548596382
1806,18,deal,0.029544584453105927
1807,18,policy,0.02924993261694908
1808,18,low,0.02856777235865593
1809,18,low_carbon,0.027849748730659485
1810,18,emission,0.02597387693822384
1811,18,trade,0.025918856263160706
1812,18,environmental,0.0258024875074625
1813,18,government,0.02493191324174404
1814,18,assure,0.020384667441248894
1815,18,new,0.019262824207544327
1816,18,carbon_emission,0.01810533180832863
1817,18,production,0.01771535910665989
1818,18,future,0.015595571137964725
1819,18,business,0.015018070116639137
1820,18,industry,0.014899986796081066
1821,18,zero_carbon,0.013844463974237442
1822,18,agriculture,0.013766421936452389
1823,18,time,0.013370164670050144
1824,18,budget,0.013222828507423401
1825,18,working,0.013010433875024319
1826,18,given,0.012700896710157394
1827,18,lower,0.012381723150610924
1828,18,footprint,0.012376784346997738
1829,18,hard,0.01227193046361208
1830,18,food_production,0.012019345536828041
1831,18,fully,0.011191855184733868
1832,18,promote,0.011082090437412262
1833,18,acknowledge,0.010752630420029163
1834,18,working_hard,0.010628518648445606
1835,18,carbon_footprint,0.010586634278297424
1836,18,undertaking,0.010341002605855465
1837,18,striking,0.009956165216863155
1838,18,carbon_budget,0.0098599037155509
1839,18,offshore,0.008893509395420551
1840,18,offshore_wind,0.008519241586327553
1841,18,economy,0.007428973913192749
1842,18,transition,0.007281029596924782
1843,18,support,0.0038853795267641544
1844,18,around,0.0029362430796027184
1845,18,need,0.002794428262859583
1846,18,paris,0.002535149920731783
1847,18,point,0.0024660101626068354
1848,18,carbon_economy,0.0023045106790959835
1849,18,every,0.0023022491950541735
1850,18,progress,0.0021906746551394463
1851,18,food_security,0.002102335449308157
1852,18,ets,0.0020866859704256058
1853,18,fourth,0.0019613178446888924
1854,18,goal,0.0019604498520493507
1855,18,achieve,0.0018961775349453092
1856,18,transition_low,0.0018943168688565493
1857,18,internationally,0.00172056769952178
1858,18,commitment,0.0017118135001510382
1859,18,ensuring,0.0013875530567020178
1860,18,pathway,0.0013616561191156507
1861,18,fifth,0.0013278296682983637
1862,18,agreement,0.0012945164926350117
1863,18,lead,0.0012569479877129197
1864,18,around_world,0.0012454212410375476
1865,18,ambition,0.0011168451746925712
1866,18,eu_ets,0.0010797871509566903
1867,18,food_farming,0.0009625466773286462
1868,18,pest,0.0009527664515189826
1869,18,independent_committee,0.0008799969800747931
1870,18,emergency,0.000878653721883893
1871,18,thanks,0.0008389475988224149
1872,18,environment,0.000786696735303849
1873,18,tonne_carbon,0.0007844608626328409
1874,18,accounting,0.0007632137858308852
1875,18,flight_path,0.0007575837662443519
1876,18,set,0.0007214812794700265
1877,18,traded,0.0006815721862949431
1878,18,taking_action,0.0006797101232223213
1879,18,cc_project,0.000665221072267741
1880,18,start,0.0006246609264053404
1881,18,tackling_climate,0.0005880811368115246
1882,18,use,0.0005534251104108989
1883,18,trajectory,0.0005164108006283641
1884,18,message,0.000511932244990021
1885,18,million_tonne,0.0005023734411224723
1886,18,carbon_sink,0.00045077866525389254
1887,18,legislate,0.00042573860264383256
1888,18,accelerate,0.000418951764004305
1889,18,effect,0.000415364425862208
1890,18,auctioning,0.0003767652960959822
1891,18,supported,0.00037439880543388426
1892,18,committee,0.0003704672562889755
1893,18,emission_reduction,0.00036715081660076976
1894,18,real,0.0003643136296886951
1895,18,decarbonised,0.00035970931639894843
1896,18,championing,0.000354903721017763
1897,18,action,0.00034702420816756785
1898,18,must,0.0003385456220712513
1899,18,campaigner,0.00033379578962922096
1900,19,emission,0.032558344304561615
1901,19,per,0.02450738288462162
1902,19,target,0.020995143800973892
1903,19,cent,0.018885593861341476
1904,19,per_cent,0.01862848736345768
1905,19,carbon,0.013575132936239243
1906,19,country,0.012764628045260906
1907,19,global,0.011947358958423138
1908,19,world,0.009732237085700035
1909,19,action,0.008843299001455307
1910,19,state,0.008832535706460476
1911,19,year,0.008386857807636261
1912,19,reduction,0.007866506464779377
1913,19,international,0.007643593475222588
1914,19,much,0.0072328681126236916
1915,19,agreement,0.006705093197524548
1916,19,greenhouse,0.00647264439612627
1917,19,emphasise,0.006184982601553202
1918,19,wherever,0.005954197142273188
1919,19,gas,0.00591650977730751
1920,19,united,0.00590488500893116
1921,19,uk,0.005736952181905508
1922,19,kyoto,0.0053957728669047356
1923,19,environmental,0.005373997613787651
1924,19,waste,0.005240772385150194
1925,19,dioxide,0.005080811213701963
1926,19,must,0.005017438903450966
1927,19,level,0.004948682151734829
1928,19,environment,0.004901478532701731
1929,19,commitment,0.00484538683667779
1930,19,warming,0.004690631292760372
1931,19,need,0.004600745625793934
1932,19,trading,0.004481089301407337
1933,19,developing,0.004364290274679661
1934,19,greenhouse_gas,0.004331916105002165
1935,19,set,0.004266552161425352
1936,19,reduce,0.004061742220073938
1937,19,report,0.003998807165771723
1938,19,meet,0.0039984011091291904
1939,19,united_state,0.003981647081673145
1940,19,possible,0.003935064654797316
1941,19,rightly,0.00389501522295177
1942,19,global_warming,0.0038946233689785004
1943,19,eu,0.003885719459503889
1944,19,carbon_dioxide,0.003839804558083415
1945,19,first,0.003662597155198455
1946,19,u,0.003600293304771185
1947,19,government,0.0035981617402285337
1948,19,co2,0.0035979219246655703
1949,19,right,0.0035543148405849934
1950,19,progress,0.003534469287842512
1951,19,achieve,0.003469121875241399
1952,19,take,0.003365224925801158
1953,19,emission_trading,0.0033028193283826113
1954,19,sustainable,0.003295336151495576
1955,19,increase,0.0032448098063468933
1956,19,temperature,0.0030860190745443106
1957,19,part,0.003083816496655345
1958,19,conference,0.003067866200581193
1959,19,negotiation,0.0030661860946565866
1960,19,made,0.003045236226171255
1961,19,tone,0.003034481778740883
1962,19,business,0.0030161277391016483
1963,19,said,0.003015571739524603
1964,19,ably,0.002944470848888159
1965,19,nation,0.002881636144593358
1966,19,wherever_possible,0.0028780580032616854
1967,19,cut,0.0028659484814852476
1968,19,carbon_emission,0.002631923882290721
1969,19,reducing,0.0026025662664324045
1970,19,measure,0.0025972621515393257
1971,19,copenhagen,0.0025473462883383036
1972,19,tackle,0.0025262890849262476
1973,19,important,0.0025107706896960735
1974,19,agree,0.002501310082152486
1975,19,binding,0.002497004345059395
1976,19,developed,0.0024915318936109543
1977,19,economy,0.0024726889096200466
1978,19,may,0.002470307517796755
1979,19,lead,0.0024319542571902275
1980,19,effect,0.0024263309314846992
1981,19,impact,0.002419000491499901
1982,19,goal,0.002325675683096051
1983,19,currently,0.0022753013763576746
1984,19,leadership,0.002269249875098467
1985,19,scheme,0.0022430287208408117
1986,19,framework,0.0022229140158742666
1987,19,development,0.00215409928932786
1988,19,taking,0.002149120671674609
1989,19,domestic,0.002117301570251584
1990,19,make,0.0021085073240101337
1991,19,step,0.0020785508677363396
1992,19,developing_country,0.0020724195055663586
1993,19,already,0.0020702541805803776
1994,19,aviation,0.0020700115710496902
1995,19,c,0.002065330743789673
1996,19,stern,0.002052849857136607
1997,19,tonne,0.0020235367119312286
1998,19,tackling,0.001986092422157526
1999,19,science,0.001972670666873455
